1,clk_drv:0x00 ,q_drv:0x00 ,d_drv:0x00 ,cs0_drv:0x00 ,hd_drv:0x00 ,wp_drv:0x00,0,0,0
2,1.616 ,1.289 ,11.550 ,0.000 ,0.002 ,-0.000,0,0,0
3,1.645 ,1.292 ,11.540 ,0.000 ,-0.000 ,0.000,0,0,0
4,1.669 ,1.259 ,11.541 ,-0.000 ,0.000 ,-0.000,0,0,0
5,1.622 ,1.283 ,11.524 ,-0.001 ,0.002 ,-0.000,0,0,0
6,1.649 ,1.294 ,11.541 ,0.000 ,-0.001 ,-0.001,0,0,0
7,1.650 ,1.279 ,11.584 ,-0.000 ,-0.001 ,-0.000,0,0,0
8,1.635 ,1.267 ,11.588 ,0.001 ,0.001 ,0.000,0,0,0
9,1.631 ,1.294 ,11.523 ,0.000 ,-0.001 ,0.000,0,0,0
10,1.644 ,1.270 ,11.562 ,0.000 ,-0.000 ,0.000,0,0,0
11,1.653 ,1.278 ,11.535 ,0.001 ,0.002 ,-0.001,0,0,0
12,1.632 ,1.280 ,11.568 ,-0.001 ,-0.001 ,0.000,0,0,0
13,1.643 ,1.264 ,11.550 ,-0.002 ,0.001 ,-0.000,0,0,0
14,1.641 ,1.290 ,11.564 ,-0.000 ,-0.000 ,-0.000,0,0,0
15,1.639 ,1.279 ,11.595 ,0.000 ,-0.002 ,-0.001,0,0,0
16,1.662 ,1.291 ,11.569 ,0.000 ,0.001 ,0.001,0,0,0
17,1.642 ,1.289 ,11.571 ,0.000 ,0.000 ,-0.001,0,0,0
18,1.623 ,1.287 ,11.520 ,0.001 ,-0.001 ,-0.000,0,0,0
19,1.648 ,1.259 ,11.548 ,0.000 ,-0.001 ,-0.000,0,0,0
20,1.662 ,1.292 ,11.592 ,0.001 ,-0.001 ,0.000,0,0,0
21,1.643 ,1.270 ,11.597 ,-0.001 ,0.000 ,-0.000,0,0,0
22,1.651 ,1.310 ,11.529 ,0.002 ,-0.002 ,0.000,0,0,0
23,1.609 ,1.277 ,11.530 ,0.001 ,0.000 ,0.002,0,0,0
24,1.645 ,1.279 ,11.555 ,-0.000 ,-0.000 ,-0.000,0,0,0
25,1.644 ,1.279 ,11.530 ,-0.000 ,-0.001 ,0.001,0,0,0
26,1.647 ,1.292 ,11.524 ,-0.000 ,0.001 ,-0.001,0,0,0
27,1.637 ,1.253 ,11.556 ,-0.000 ,0.001 ,-0.000,0,0,0
28,1.631 ,1.276 ,11.574 ,-0.001 ,-0.000 ,-0.001,0,0,0
29,1.640 ,1.296 ,11.551 ,-0.001 ,-0.000 ,-0.001,0,0,0
30,1.644 ,1.259 ,11.515 ,0.000 ,0.002 ,-0.001,0,0,0
31,1.638 ,1.280 ,11.537 ,0.000 ,0.000 ,-0.000,0,0,0
32,1.644 ,1.280 ,11.545 ,-0.001 ,-0.001 ,0.000,0,0,0
33,1.656 ,1.279 ,11.526 ,0.000 ,0.001 ,-0.001,0,0,0
34,1.636 ,1.300 ,11.589 ,0.000 ,0.001 ,-0.001,0,0,0
35,1.628 ,1.280 ,11.582 ,-0.000 ,0.000 ,-0.001,0,0,0
36,1.663 ,1.274 ,11.536 ,-0.001 ,0.000 ,-0.000,0,0,0
37,1.648 ,1.294 ,11.606 ,-0.000 ,-0.000 ,0.000,0,0,0
38,1.644 ,1.287 ,11.547 ,0.001 ,0.000 ,-0.000,0,0,0
39,1.643 ,1.271 ,11.557 ,0.000 ,-0.001 ,0.000,0,0,0
40,1.626 ,1.280 ,11.561 ,-0.000 ,0.001 ,0.000,0,0,0
41,1.658 ,1.265 ,11.563 ,0.001 ,0.000 ,-0.000,0,0,0
42,1.629 ,1.276 ,11.558 ,-0.001 ,0.000 ,-0.000,0,0,0
43,1.641 ,1.265 ,11.571 ,0.001 ,0.001 ,0.001,0,0,0
44,1.650 ,1.267 ,11.565 ,0.002 ,-0.001 ,-0.000,0,0,0
45,1.659 ,1.274 ,11.527 ,-0.001 ,-0.001 ,-0.000,0,0,0
46,1.629 ,1.278 ,11.557 ,-0.001 ,0.000 ,-0.000,0,0,0
47,1.686 ,1.265 ,11.550 ,0.000 ,0.000 ,-0.000,0,0,0
48,1.639 ,1.293 ,11.577 ,-0.000 ,-0.002 ,-0.000,0,0,0
49,1.653 ,1.298 ,11.531 ,0.000 ,0.001 ,0.001,0,0,0
50,1.662 ,1.265 ,11.577 ,-0.000 ,-0.003 ,0.000,0,0,0
51,1.663 ,1.266 ,11.543 ,-0.002 ,0.002 ,-0.000,0,0,0
52,1.623 ,1.245 ,11.542 ,0.001 ,0.000 ,-0.001,0,0,0
53,1.644 ,1.271 ,11.524 ,0.001 ,-0.002 ,0.000,0,0,0
54,1.671 ,1.272 ,11.541 ,-0.001 ,0.002 ,-0.001,0,0,0
55,1.645 ,1.282 ,11.531 ,-0.001 ,0.001 ,-0.001,0,0,0
56,1.626 ,1.276 ,11.557 ,0.000 ,-0.000 ,-0.000,0,0,0
57,1.636 ,1.272 ,11.549 ,0.000 ,0.002 ,-0.000,0,0,0
58,1.659 ,1.286 ,11.540 ,0.001 ,-0.001 ,0.000,0,0,0
59,1.634 ,1.287 ,11.566 ,0.000 ,0.000 ,-0.001,0,0,0
60,1.640 ,1.273 ,11.533 ,-0.001 ,-0.001 ,-0.000,0,0,0
61,1.657 ,1.275 ,11.544 ,0.000 ,0.000 ,-0.000,0,0,0
62,1.659 ,1.293 ,11.536 ,-0.000 ,0.000 ,0.000,0,0,0
63,1.686 ,1.283 ,11.539 ,0.001 ,-0.001 ,0.001,0,0,0
64,1.645 ,1.262 ,11.549 ,0.001 ,-0.000 ,0.000,0,0,0
65,1.639 ,1.279 ,11.568 ,0.000 ,-0.001 ,0.000,0,0,0
66,1.653 ,1.275 ,11.539 ,0.000 ,-0.001 ,-0.001,0,0,0
67,1.660 ,1.302 ,11.515 ,0.000 ,-0.000 ,0.000,0,0,0
68,1.677 ,1.256 ,11.541 ,-0.001 ,0.000 ,0.000,0,0,0
69,1.647 ,1.268 ,11.582 ,0.000 ,-0.000 ,0.000,0,0,0
70,1.664 ,1.279 ,11.584 ,0.001 ,-0.001 ,-0.001,0,0,0
71,1.637 ,1.271 ,11.551 ,-0.000 ,0.000 ,-0.000,0,0,0
72,1.650 ,1.264 ,11.563 ,0.000 ,0.000 ,0.000,0,0,0
73,1.645 ,1.279 ,11.560 ,0.000 ,0.000 ,-0.000,0,0,0
74,1.631 ,1.282 ,11.574 ,0.000 ,0.000 ,0.000,0,0,0
75,1.649 ,1.284 ,11.564 ,0.001 ,-0.001 ,-0.000,0,0,0
76,1.682 ,1.298 ,11.533 ,0.000 ,-0.000 ,-0.001,0,0,0
77,1.664 ,1.267 ,11.521 ,0.000 ,0.000 ,-0.000,0,0,0
78,1.642 ,1.280 ,11.550 ,0.000 ,0.000 ,-0.000,0,0,0
79,1.629 ,1.281 ,11.557 ,0.001 ,-0.000 ,0.001,0,0,0
80,1.637 ,1.279 ,11.542 ,-0.001 ,0.001 ,-0.001,0,0,0
81,1.658 ,1.287 ,11.568 ,-0.000 ,0.001 ,0.002,0,0,0
82,1.652 ,1.277 ,11.572 ,0.000 ,0.000 ,-0.000,0,0,0
83,1.648 ,1.280 ,11.565 ,0.001 ,0.001 ,0.000,0,0,0
84,1.654 ,1.267 ,11.551 ,0.000 ,-0.000 ,-0.001,0,0,0
85,1.627 ,1.283 ,11.561 ,0.000 ,0.000 ,0.000,0,0,0
86,1.642 ,1.265 ,11.566 ,-0.001 ,0.001 ,0.000,0,0,0
87,1.644 ,1.262 ,11.562 ,0.001 ,0.001 ,-0.000,0,0,0
88,1.647 ,1.285 ,11.541 ,0.001 ,0.000 ,-0.000,0,0,0
89,1.664 ,1.285 ,11.587 ,-0.001 ,0.000 ,0.000,0,0,0
90,1.631 ,1.271 ,11.575 ,-0.000 ,-0.000 ,-0.000,0,0,0
91,1.616 ,1.287 ,11.576 ,-0.001 ,0.001 ,-0.001,0,0,0
92,1.629 ,1.268 ,11.561 ,-0.000 ,0.000 ,-0.001,0,0,0
93,1.650 ,1.279 ,11.566 ,-0.001 ,0.000 ,0.001,0,0,0
94,1.637 ,1.282 ,11.565 ,0.001 ,0.000 ,-0.001,0,0,0
95,1.625 ,1.275 ,11.520 ,-0.000 ,0.000 ,-0.001,0,0,0
96,1.645 ,1.260 ,11.548 ,0.000 ,0.000 ,0.000,0,0,0
97,1.624 ,1.278 ,11.522 ,0.000 ,0.000 ,0.000,0,0,0
98,1.645 ,1.275 ,11.522 ,-0.000 ,0.001 ,0.001,0,0,0
99,1.651 ,1.272 ,11.549 ,-0.001 ,-0.000 ,-0.000,0,0,0
100,1.649 ,1.276 ,11.537 ,-0.000 ,0.000 ,0.000,0,0,0
101,1.634 ,1.294 ,11.540 ,0.000 ,0.000 ,-0.001,0,0,0
102,1.604 ,1.279 ,11.547 ,-0.001 ,-0.001 ,0.000,0,0,0
103,1.631 ,1.272 ,11.557 ,-0.001 ,0.000 ,0.000,0,0,0
104,1.655 ,1.283 ,11.543 ,0.000 ,0.001 ,0.000,0,0,0
105,1.655 ,1.274 ,11.565 ,-0.000 ,-0.001 ,-0.001,0,0,0
106,1.640 ,1.275 ,11.562 ,0.001 ,0.000 ,0.001,0,0,0
107,1.622 ,1.262 ,11.570 ,-0.001 ,-0.000 ,0.000,0,0,0
108,1.643 ,1.286 ,11.544 ,0.000 ,0.000 ,0.000,0,0,0
109,1.629 ,1.276 ,11.540 ,0.000 ,0.000 ,-0.001,0,0,0
110,1.642 ,1.255 ,11.558 ,0.001 ,-0.000 ,-0.000,0,0,0
111,1.644 ,1.286 ,11.565 ,0.001 ,-0.000 ,0.000,0,0,0
112,1.637 ,1.292 ,11.576 ,0.000 ,0.001 ,-0.001,0,0,0
113,1.672 ,1.291 ,11.550 ,-0.000 ,0.001 ,-0.001,0,0,0
114,1.634 ,1.269 ,11.562 ,0.000 ,-0.002 ,0.001,0,0,0
115,1.637 ,1.265 ,11.565 ,-0.000 ,-0.001 ,0.000,0,0,0
116,1.650 ,1.273 ,11.570 ,-0.000 ,0.001 ,0.000,0,0,0
117,1.651 ,1.267 ,11.544 ,-0.000 ,0.000 ,0.000,0,0,0
118,1.641 ,1.276 ,11.552 ,0.001 ,-0.000 ,-0.000,0,0,0
119,1.634 ,1.279 ,11.568 ,-0.000 ,0.000 ,-0.000,0,0,0
120,1.638 ,1.271 ,11.577 ,-0.000 ,-0.000 ,-0.000,0,0,0
121,1.649 ,1.280 ,11.555 ,-0.000 ,0.001 ,-0.000,0,0,0
122,1.659 ,1.264 ,11.553 ,0.000 ,-0.000 ,-0.000,0,0,0
123,1.660 ,1.310 ,11.535 ,0.001 ,-0.000 ,-0.001,0,0,0
124,1.632 ,1.273 ,11.585 ,0.000 ,-0.000 ,0.000,0,0,0
125,1.654 ,1.270 ,11.575 ,0.001 ,0.001 ,-0.001,0,0,0
126,1.653 ,1.265 ,11.587 ,0.000 ,0.000 ,-0.000,0,0,0
127,1.639 ,1.282 ,11.542 ,-0.001 ,0.001 ,-0.000,0,0,0
128,1.651 ,1.254 ,11.553 ,0.000 ,0.001 ,-0.000,0,0,0
129,1.651 ,1.273 ,11.526 ,0.001 ,-0.001 ,-0.000,0,0,0
130,1.655 ,1.261 ,11.550 ,-0.000 ,0.001 ,0.000,0,0,0
131,1.657 ,1.258 ,11.570 ,-0.001 ,-0.000 ,-0.001,0,0,0
132,1.644 ,1.268 ,11.527 ,-0.001 ,0.001 ,-0.001,0,0,0
133,1.628 ,1.260 ,11.556 ,0.000 ,-0.000 ,-0.001,0,0,0
134,1.668 ,1.283 ,11.555 ,0.000 ,-0.000 ,-0.000,0,0,0
135,1.644 ,1.287 ,11.528 ,-0.001 ,-0.000 ,0.000,0,0,0
136,1.636 ,1.278 ,11.559 ,0.001 ,-0.001 ,0.000,0,0,0
137,1.659 ,1.285 ,11.541 ,0.000 ,0.000 ,0.001,0,0,0
138,1.644 ,1.306 ,11.563 ,-0.000 ,-0.000 ,-0.001,0,0,0
139,1.633 ,1.294 ,11.551 ,-0.001 ,0.000 ,0.000,0,0,0
140,1.645 ,1.286 ,11.583 ,0.001 ,0.000 ,-0.001,0,0,0
141,1.651 ,1.292 ,11.545 ,-0.000 ,0.000 ,0.001,0,0,0
142,1.635 ,1.280 ,11.532 ,-0.000 ,0.000 ,-0.001,0,0,0
143,1.633 ,1.274 ,11.571 ,0.001 ,-0.000 ,0.001,0,0,0
144,1.628 ,1.262 ,11.596 ,0.001 ,-0.000 ,-0.000,0,0,0
145,1.659 ,1.267 ,11.546 ,0.001 ,0.001 ,-0.000,0,0,0
146,1.644 ,1.275 ,11.536 ,0.001 ,0.001 ,-0.000,0,0,0
147,1.641 ,1.255 ,11.577 ,0.001 ,0.000 ,-0.001,0,0,0
148,1.629 ,1.265 ,11.543 ,0.000 ,0.001 ,-0.001,0,0,0
149,1.634 ,1.270 ,11.516 ,0.001 ,-0.001 ,0.000,0,0,0
150,1.634 ,1.285 ,11.571 ,-0.001 ,0.000 ,-0.000,0,0,0
151,1.642 ,1.271 ,11.530 ,-0.001 ,0.000 ,-0.000,0,0,0
152,1.656 ,1.251 ,11.538 ,-0.000 ,0.000 ,-0.000,0,0,0
153,1.638 ,1.273 ,11.554 ,-0.000 ,0.001 ,-0.000,0,0,0
154,1.656 ,1.268 ,11.547 ,0.000 ,0.001 ,-0.000,0,0,0
155,1.650 ,1.270 ,11.583 ,0.000 ,-0.001 ,0.000,0,0,0
156,1.657 ,1.278 ,11.548 ,-0.001 ,-0.001 ,-0.001,0,0,0
157,1.636 ,1.262 ,11.525 ,0.000 ,-0.001 ,-0.001,0,0,0
158,1.657 ,1.279 ,11.583 ,0.000 ,-0.001 ,-0.000,0,0,0
159,1.663 ,1.297 ,11.524 ,-0.000 ,0.000 ,-0.001,0,0,0
160,1.651 ,1.292 ,11.548 ,0.000 ,-0.000 ,-0.000,0,0,0
161,1.668 ,1.268 ,11.566 ,0.000 ,-0.001 ,-0.000,0,0,0
162,1.633 ,1.283 ,11.559 ,0.000 ,-0.000 ,0.000,0,0,0
163,1.659 ,1.289 ,11.553 ,0.001 ,-0.000 ,-0.000,0,0,0
164,1.647 ,1.261 ,11.544 ,-0.000 ,0.001 ,0.000,0,0,0
165,1.638 ,1.264 ,11.550 ,-0.000 ,0.000 ,0.001,0,0,0
166,1.651 ,1.273 ,11.577 ,-0.001 ,0.001 ,-0.000,0,0,0
167,1.628 ,1.283 ,11.552 ,-0.001 ,0.001 ,0.000,0,0,0
168,1.641 ,1.281 ,11.564 ,-0.000 ,0.001 ,0.000,0,0,0
169,1.649 ,1.270 ,11.578 ,-0.000 ,0.001 ,-0.000,0,0,0
170,1.647 ,1.285 ,11.559 ,0.000 ,0.000 ,-0.000,0,0,0
171,1.620 ,1.272 ,11.539 ,0.000 ,0.000 ,0.000,0,0,0
172,1.628 ,1.278 ,11.566 ,0.000 ,0.000 ,0.000,0,0,0
173,1.634 ,1.288 ,11.568 ,-0.000 ,0.000 ,0.000,0,0,0
174,1.641 ,1.264 ,11.569 ,-0.000 ,0.001 ,0.001,0,0,0
175,1.640 ,1.254 ,11.562 ,0.000 ,-0.001 ,-0.000,0,0,0
176,1.648 ,1.282 ,11.557 ,0.000 ,-0.001 ,-0.001,0,0,0
177,1.652 ,1.283 ,11.550 ,-0.001 ,0.000 ,0.001,0,0,0
178,1.656 ,1.282 ,11.586 ,0.001 ,-0.000 ,0.000,0,0,0
179,1.638 ,1.284 ,11.521 ,0.000 ,0.001 ,0.000,0,0,0
180,1.646 ,1.258 ,11.563 ,0.000 ,-0.001 ,-0.000,0,0,0
181,1.657 ,1.286 ,11.547 ,0.000 ,-0.000 ,-0.000,0,0,0
182,1.656 ,1.278 ,11.563 ,-0.000 ,-0.000 ,0.000,0,0,0
183,1.643 ,1.270 ,11.578 ,-0.000 ,0.000 ,-0.000,0,0,0
184,1.653 ,1.294 ,11.576 ,0.001 ,-0.000 ,-0.000,0,0,0
185,1.660 ,1.271 ,11.518 ,-0.000 ,0.000 ,-0.001,0,0,0
186,1.653 ,1.283 ,11.566 ,-0.000 ,-0.000 ,0.000,0,0,0
187,1.632 ,1.259 ,11.581 ,0.001 ,-0.000 ,-0.000,0,0,0
188,1.629 ,1.277 ,11.573 ,0.000 ,-0.000 ,-0.000,0,0,0
189,1.655 ,1.279 ,11.550 ,0.001 ,0.000 ,0.000,0,0,0
190,1.655 ,1.285 ,11.591 ,0.001 ,-0.000 ,-0.001,0,0,0
191,1.639 ,1.266 ,11.534 ,-0.000 ,-0.000 ,-0.000,0,0,0
192,1.666 ,1.264 ,11.547 ,0.001 ,0.001 ,0.000,0,0,0
193,1.652 ,1.282 ,11.548 ,0.001 ,0.000 ,-0.000,0,0,0
194,1.644 ,1.270 ,11.563 ,0.000 ,0.001 ,-0.001,0,0,0
195,1.657 ,1.283 ,11.567 ,0.000 ,0.000 ,-0.000,0,0,0
196,1.659 ,1.300 ,11.566 ,0.000 ,0.001 ,0.000,0,0,0
197,1.643 ,1.276 ,11.569 ,-0.000 ,-0.001 ,-0.001,0,0,0
198,1.635 ,1.277 ,11.544 ,-0.001 ,0.001 ,-0.001,0,0,0
199,1.651 ,1.279 ,11.549 ,-0.000 ,-0.001 ,-0.000,0,0,0
200,1.644 ,1.278 ,11.527 ,-0.001 ,0.001 ,0.000,0,0,0
201,1.647 ,1.263 ,11.519 ,-0.001 ,-0.001 ,-0.001,0,0,0
202,1.648 ,1.276 ,11.580 ,-0.000 ,-0.001 ,-0.001,0,0,0
203,1.632 ,1.276 ,11.531 ,-0.000 ,-0.000 ,-0.001,0,0,0
204,1.647 ,1.282 ,11.566 ,-0.000 ,0.000 ,0.000,0,0,0
205,1.643 ,1.274 ,11.579 ,0.001 ,0.000 ,-0.000,0,0,0
206,1.641 ,1.273 ,11.569 ,-0.001 ,0.001 ,0.000,0,0,0
207,1.646 ,1.253 ,11.541 ,0.001 ,0.001 ,-0.001,0,0,0
208,1.645 ,1.277 ,11.566 ,0.000 ,0.000 ,0.000,0,0,0
209,1.642 ,1.264 ,11.556 ,-0.001 ,0.001 ,0.000,0,0,0
210,1.648 ,1.259 ,11.576 ,0.000 ,-0.000 ,0.001,0,0,0
211,1.643 ,1.264 ,11.526 ,0.001 ,-0.001 ,-0.001,0,0,0
212,1.660 ,1.259 ,11.556 ,0.001 ,0.000 ,0.001,0,0,0
213,1.650 ,1.266 ,11.534 ,-0.000 ,0.001 ,-0.001,0,0,0
214,1.624 ,1.288 ,11.547 ,-0.001 ,-0.001 ,-0.000,0,0,0
215,1.626 ,1.279 ,11.536 ,-0.000 ,-0.000 ,0.000,0,0,0
216,1.654 ,1.277 ,11.572 ,0.001 ,0.000 ,-0.000,0,0,0
217,1.647 ,1.271 ,11.578 ,-0.000 ,0.001 ,-0.001,0,0,0
218,1.653 ,1.285 ,11.531 ,0.000 ,-0.000 ,0.000,0,0,0
219,1.652 ,1.293 ,11.559 ,-0.000 ,0.000 ,0.000,0,0,0
220,1.630 ,1.267 ,11.538 ,0.000 ,0.001 ,-0.000,0,0,0
221,1.653 ,1.265 ,11.568 ,0.001 ,-0.000 ,-0.000,0,0,0
222,1.657 ,1.274 ,11.590 ,-0.001 ,0.000 ,-0.000,0,0,0
223,1.644 ,1.268 ,11.540 ,0.001 ,0.000 ,0.000,0,0,0
224,1.647 ,1.261 ,11.553 ,0.001 ,-0.000 ,-0.000,0,0,0
225,1.637 ,1.278 ,11.583 ,-0.000 ,0.001 ,0.001,0,0,0
226,1.642 ,1.265 ,11.555 ,0.000 ,-0.001 ,0.001,0,0,0
227,1.641 ,1.291 ,11.556 ,0.000 ,0.001 ,0.000,0,0,0
228,1.635 ,1.284 ,11.553 ,0.001 ,0.001 ,-0.001,0,0,0
229,1.666 ,1.285 ,11.548 ,0.001 ,0.000 ,-0.000,0,0,0
230,1.634 ,1.288 ,11.566 ,0.000 ,-0.001 ,0.001,0,0,0
231,1.638 ,1.292 ,11.583 ,-0.000 ,0.001 ,0.000,0,0,0
232,1.642 ,1.292 ,11.549 ,-0.001 ,-0.001 ,0.000,0,0,0
233,1.628 ,1.271 ,11.547 ,0.000 ,0.000 ,-0.000,0,0,0
234,1.654 ,1.277 ,11.571 ,0.000 ,0.000 ,-0.000,0,0,0
235,1.644 ,1.289 ,11.546 ,0.000 ,0.000 ,-0.001,0,0,0
236,1.660 ,1.276 ,11.564 ,0.000 ,-0.001 ,-0.000,0,0,0
237,1.647 ,1.282 ,11.559 ,0.000 ,-0.000 ,0.000,0,0,0
238,1.644 ,1.276 ,11.568 ,-0.000 ,-0.001 ,-0.001,0,0,0
239,1.656 ,1.280 ,11.562 ,-0.000 ,-0.001 ,0.000,0,0,0
240,1.641 ,1.288 ,11.566 ,0.001 ,-0.001 ,-0.000,0,0,0
241,1.655 ,1.266 ,11.587 ,0.001 ,-0.002 ,-0.000,0,0,0
242,1.635 ,1.301 ,11.560 ,-0.000 ,0.001 ,0.000,0,0,0
243,1.634 ,1.279 ,11.555 ,0.001 ,0.000 ,-0.000,0,0,0
244,1.640 ,1.258 ,11.566 ,0.001 ,-0.001 ,0.000,0,0,0
245,1.652 ,1.288 ,11.509 ,-0.001 ,0.000 ,0.001,0,0,0
246,1.656 ,1.270 ,11.546 ,0.001 ,-0.001 ,0.000,0,0,0
247,1.645 ,1.281 ,11.550 ,-0.001 ,-0.001 ,-0.000,0,0,0
248,1.652 ,1.291 ,11.557 ,0.000 ,0.000 ,-0.000,0,0,0
249,1.631 ,1.288 ,11.551 ,0.000 ,-0.000 ,-0.001,0,0,0
250,1.629 ,1.262 ,11.553 ,0.000 ,0.000 ,-0.000,0,0,0
251,1.641 ,1.288 ,11.554 ,-0.001 ,0.001 ,-0.001,0,0,0
252,1.640 ,1.273 ,11.583 ,-0.000 ,0.001 ,-0.000,0,0,0
253,1.645 ,1.264 ,11.556 ,0.000 ,-0.001 ,-0.000,0,0,0
254,1.621 ,1.285 ,11.599 ,-0.000 ,-0.001 ,-0.001,0,0,0
255,1.644 ,1.276 ,11.492 ,0.000 ,0.000 ,-0.000,0,0,0
256,1.650 ,1.256 ,11.550 ,0.000 ,0.000 ,-0.001,0,0,0
257,1.646 ,1.295 ,11.572 ,0.002 ,-0.001 ,-0.001,0,0,0
258,1.647 ,1.285 ,11.540 ,0.001 ,0.000 ,-0.000,0,0,0
259,1.655 ,1.285 ,11.548 ,-0.001 ,0.001 ,0.001,0,0,0
260,1.634 ,1.260 ,11.508 ,-0.000 ,-0.000 ,0.001,0,0,0
261,1.622 ,1.290 ,11.549 ,-0.001 ,0.001 ,-0.001,0,0,0
262,1.640 ,1.292 ,11.551 ,0.001 ,0.001 ,-0.000,0,0,0
263,1.639 ,1.276 ,11.536 ,-0.001 ,-0.000 ,-0.001,0,0,0
264,1.632 ,1.291 ,11.550 ,-0.001 ,-0.000 ,-0.000,0,0,0
265,1.651 ,1.270 ,11.529 ,0.000 ,-0.000 ,-0.001,0,0,0
266,1.647 ,1.286 ,11.536 ,-0.000 ,-0.001 ,-0.000,0,0,0
267,1.652 ,1.289 ,11.579 ,0.001 ,-0.001 ,-0.000,0,0,0
268,1.639 ,1.274 ,11.589 ,0.001 ,0.001 ,0.000,0,0,0
269,1.643 ,1.269 ,11.540 ,-0.000 ,-0.001 ,0.000,0,0,0
270,1.653 ,1.273 ,11.539 ,0.001 ,-0.002 ,-0.000,0,0,0
271,1.657 ,1.278 ,11.531 ,0.000 ,-0.000 ,-0.001,0,0,0
272,1.641 ,1.272 ,11.520 ,0.000 ,0.000 ,0.001,0,0,0
273,1.648 ,1.290 ,11.545 ,0.000 ,-0.001 ,0.000,0,0,0
274,1.640 ,1.273 ,11.571 ,0.001 ,-0.001 ,-0.000,0,0,0
275,1.637 ,1.285 ,11.563 ,0.000 ,0.000 ,-0.000,0,0,0
276,1.653 ,1.271 ,11.556 ,-0.000 ,0.001 ,0.001,0,0,0
277,1.639 ,1.286 ,11.584 ,0.000 ,-0.000 ,-0.000,0,0,0
278,1.643 ,1.279 ,11.562 ,-0.000 ,-0.000 ,0.001,0,0,0
279,1.642 ,1.280 ,11.578 ,-0.000 ,0.001 ,-0.001,0,0,0
280,1.660 ,1.274 ,11.553 ,-0.001 ,-0.000 ,0.000,0,0,0
281,1.643 ,1.297 ,11.538 ,0.001 ,-0.000 ,-0.000,0,0,0
282,1.613 ,1.252 ,11.545 ,0.001 ,0.001 ,0.001,0,0,0
283,1.629 ,1.282 ,11.553 ,-0.001 ,0.001 ,-0.001,0,0,0
284,1.637 ,1.267 ,11.550 ,-0.000 ,0.000 ,-0.001,0,0,0
285,1.634 ,1.277 ,11.545 ,-0.001 ,0.001 ,-0.001,0,0,0
286,1.660 ,1.277 ,11.542 ,0.000 ,-0.001 ,0.001,0,0,0
287,1.640 ,1.272 ,11.545 ,0.000 ,0.000 ,0.001,0,0,0
288,1.645 ,1.294 ,11.562 ,0.001 ,0.000 ,0.000,0,0,0
289,1.620 ,1.267 ,11.560 ,0.000 ,0.001 ,-0.000,0,0,0
290,1.649 ,1.274 ,11.539 ,0.001 ,0.000 ,-0.000,0,0,0
291,1.638 ,1.270 ,11.563 ,0.001 ,-0.001 ,0.000,0,0,0
292,1.631 ,1.262 ,11.543 ,-0.000 ,-0.001 ,-0.001,0,0,0
293,1.625 ,1.285 ,11.567 ,0.000 ,-0.000 ,-0.000,0,0,0
294,1.650 ,1.276 ,11.547 ,0.001 ,0.000 ,0.000,0,0,0
295,1.657 ,1.279 ,11.574 ,0.001 ,0.001 ,0.000,0,0,0
296,1.648 ,1.279 ,11.569 ,0.000 ,-0.001 ,-0.002,0,0,0
297,1.645 ,1.275 ,11.555 ,0.000 ,-0.001 ,0.000,0,0,0
298,1.657 ,1.282 ,11.589 ,0.000 ,0.001 ,-0.000,0,0,0
299,1.638 ,1.255 ,11.501 ,-0.000 ,-0.000 ,0.001,0,0,0
300,1.662 ,1.300 ,11.562 ,0.001 ,-0.001 ,0.001,0,0,0
301,1.635 ,1.280 ,11.556 ,0.000 ,-0.000 ,-0.000,0,0,0
302,1.624 ,1.269 ,11.532 ,-0.001 ,-0.000 ,-0.001,0,0,0
303,1.644 ,1.287 ,11.582 ,0.000 ,-0.001 ,-0.000,0,0,0
304,1.637 ,1.281 ,11.533 ,0.000 ,0.000 ,0.000,0,0,0
305,1.632 ,1.256 ,11.526 ,0.000 ,-0.001 ,0.001,0,0,0
306,1.632 ,1.270 ,11.559 ,-0.000 ,0.001 ,0.000,0,0,0
307,1.653 ,1.297 ,11.568 ,-0.000 ,-0.001 ,0.000,0,0,0
308,1.654 ,1.281 ,11.530 ,-0.001 ,0.001 ,-0.001,0,0,0
309,1.635 ,1.270 ,11.565 ,0.000 ,-0.001 ,-0.000,0,0,0
310,1.652 ,1.280 ,11.543 ,-0.001 ,0.001 ,-0.001,0,0,0
311,1.645 ,1.273 ,11.570 ,0.001 ,-0.001 ,0.000,0,0,0
312,1.636 ,1.283 ,11.533 ,-0.000 ,-0.000 ,-0.001,0,0,0
313,1.645 ,1.286 ,11.580 ,-0.000 ,-0.000 ,-0.000,0,0,0
314,1.656 ,1.271 ,11.504 ,0.000 ,0.000 ,0.001,0,0,0
315,1.645 ,1.265 ,11.536 ,0.000 ,0.001 ,-0.000,0,0,0
316,1.649 ,1.266 ,11.588 ,-0.000 ,-0.001 ,-0.001,0,0,0
317,1.639 ,1.275 ,11.535 ,0.000 ,-0.001 ,-0.001,0,0,0
318,1.635 ,1.267 ,11.576 ,0.000 ,-0.001 ,-0.001,0,0,0
319,1.663 ,1.288 ,11.530 ,0.000 ,-0.000 ,-0.002,0,0,0
320,1.644 ,1.270 ,11.527 ,-0.001 ,-0.000 ,0.000,0,0,0
321,1.659 ,1.286 ,11.584 ,0.000 ,0.000 ,-0.000,0,0,0
322,1.626 ,1.264 ,11.553 ,0.000 ,-0.000 ,-0.000,0,0,0
323,1.643 ,1.262 ,11.563 ,0.000 ,0.000 ,0.000,0,0,0
324,1.644 ,1.277 ,11.544 ,0.000 ,0.000 ,-0.001,0,0,0
325,1.656 ,1.279 ,11.531 ,0.002 ,0.000 ,0.000,0,0,0
326,1.641 ,1.274 ,11.538 ,-0.000 ,-0.001 ,-0.001,0,0,0
327,1.647 ,1.275 ,11.542 ,0.001 ,0.000 ,-0.000,0,0,0
328,1.642 ,1.282 ,11.556 ,0.000 ,-0.000 ,-0.000,0,0,0
329,1.648 ,1.270 ,11.559 ,-0.000 ,0.000 ,-0.001,0,0,0
330,1.647 ,1.281 ,11.561 ,0.001 ,-0.002 ,-0.001,0,0,0
331,1.647 ,1.280 ,11.551 ,0.000 ,0.000 ,-0.000,0,0,0
332,1.657 ,1.270 ,11.563 ,0.001 ,0.000 ,0.001,0,0,0
333,1.644 ,1.278 ,11.574 ,0.000 ,0.001 ,-0.001,0,0,0
334,1.646 ,1.275 ,11.530 ,-0.000 ,0.000 ,0.000,0,0,0
335,1.640 ,1.287 ,11.564 ,-0.000 ,0.000 ,-0.001,0,0,0
336,1.636 ,1.271 ,11.535 ,-0.000 ,0.001 ,-0.001,0,0,0
337,1.628 ,1.270 ,11.592 ,0.001 ,0.001 ,-0.001,0,0,0
338,1.648 ,1.267 ,11.572 ,0.000 ,0.001 ,0.000,0,0,0
339,1.652 ,1.279 ,11.545 ,0.000 ,-0.000 ,0.001,0,0,0
340,1.623 ,1.293 ,11.564 ,-0.000 ,0.002 ,-0.000,0,0,0
341,1.644 ,1.269 ,11.521 ,-0.000 ,-0.000 ,-0.000,0,0,0
342,1.646 ,1.275 ,11.550 ,-0.000 ,0.001 ,0.001,0,0,0
343,1.632 ,1.271 ,11.549 ,-0.000 ,-0.000 ,-0.001,0,0,0
344,1.660 ,1.268 ,11.545 ,-0.000 ,-0.001 ,-0.000,0,0,0
345,1.642 ,1.279 ,11.554 ,0.000 ,-0.001 ,-0.000,0,0,0
346,1.642 ,1.267 ,11.542 ,0.001 ,-0.000 ,0.000,0,0,0
347,1.650 ,1.291 ,11.571 ,0.000 ,0.001 ,0.000,0,0,0
348,1.627 ,1.310 ,11.561 ,-0.000 ,-0.001 ,-0.000,0,0,0
349,1.647 ,1.271 ,11.552 ,0.000 ,0.001 ,-0.000,0,0,0
350,1.660 ,1.277 ,11.580 ,0.002 ,-0.001 ,-0.001,0,0,0
351,1.626 ,1.264 ,11.531 ,-0.000 ,0.000 ,0.000,0,0,0
352,1.649 ,1.252 ,11.576 ,0.001 ,-0.001 ,-0.002,0,0,0
353,1.631 ,1.268 ,11.527 ,0.000 ,-0.001 ,0.001,0,0,0
354,1.649 ,1.271 ,11.581 ,0.000 ,-0.001 ,-0.000,0,0,0
355,1.653 ,1.281 ,11.546 ,-0.000 ,0.000 ,0.000,0,0,0
356,1.648 ,1.267 ,11.580 ,-0.000 ,0.000 ,-0.000,0,0,0
357,1.638 ,1.276 ,11.553 ,0.000 ,-0.000 ,-0.000,0,0,0
358,1.641 ,1.289 ,11.548 ,0.000 ,0.001 ,-0.000,0,0,0
359,1.631 ,1.289 ,11.536 ,-0.000 ,0.001 ,-0.000,0,0,0
360,1.641 ,1.256 ,11.538 ,-0.001 ,0.000 ,-0.000,0,0,0
361,1.641 ,1.275 ,11.557 ,0.001 ,0.001 ,-0.001,0,0,0
362,1.640 ,1.258 ,11.542 ,-0.000 ,0.001 ,-0.000,0,0,0
363,1.648 ,1.281 ,11.581 ,0.001 ,-0.001 ,-0.000,0,0,0
364,1.660 ,1.268 ,11.569 ,0.000 ,0.001 ,-0.001,0,0,0
365,1.640 ,1.275 ,11.524 ,0.000 ,-0.000 ,-0.001,0,0,0
366,1.649 ,1.293 ,11.559 ,-0.001 ,0.001 ,-0.001,0,0,0
367,1.630 ,1.257 ,11.566 ,0.000 ,-0.000 ,0.000,0,0,0
368,1.638 ,1.279 ,11.565 ,-0.000 ,0.001 ,0.000,0,0,0
369,1.632 ,1.261 ,11.545 ,0.000 ,0.000 ,-0.000,0,0,0
370,1.656 ,1.269 ,11.584 ,-0.000 ,0.000 ,-0.000,0,0,0
371,1.648 ,1.263 ,11.554 ,0.000 ,0.000 ,0.000,0,0,0
372,1.642 ,1.269 ,11.577 ,-0.000 ,-0.001 ,0.000,0,0,0
373,1.641 ,1.247 ,11.539 ,-0.000 ,0.001 ,0.000,0,0,0
374,1.637 ,1.283 ,11.538 ,0.000 ,0.001 ,0.000,0,0,0
375,1.648 ,1.265 ,11.537 ,-0.001 ,0.001 ,0.000,0,0,0
376,1.643 ,1.292 ,11.536 ,-0.001 ,-0.001 ,-0.001,0,0,0
377,1.648 ,1.272 ,11.546 ,0.001 ,-0.000 ,-0.001,0,0,0
378,1.659 ,1.269 ,11.547 ,0.000 ,-0.000 ,-0.000,0,0,0
379,1.635 ,1.261 ,11.533 ,0.001 ,0.000 ,-0.000,0,0,0
380,1.645 ,1.282 ,11.563 ,0.001 ,-0.000 ,0.000,0,0,0
381,1.657 ,1.286 ,11.568 ,0.001 ,0.000 ,-0.000,0,0,0
382,1.640 ,1.267 ,11.581 ,0.000 ,0.001 ,-0.000,0,0,0
383,1.632 ,1.269 ,11.542 ,0.001 ,0.000 ,0.000,0,0,0
384,1.635 ,1.280 ,11.570 ,0.000 ,0.000 ,-0.000,0,0,0
385,1.631 ,1.276 ,11.563 ,0.000 ,-0.001 ,0.000,0,0,0
386,1.637 ,1.253 ,11.561 ,0.001 ,0.000 ,-0.001,0,0,0
387,1.648 ,1.262 ,11.549 ,0.001 ,-0.001 ,0.000,0,0,0
388,1.644 ,1.308 ,11.560 ,0.001 ,0.001 ,-0.001,0,0,0
389,1.638 ,1.277 ,11.561 ,0.001 ,-0.000 ,-0.001,0,0,0
390,1.637 ,1.277 ,11.559 ,0.000 ,-0.000 ,0.001,0,0,0
391,1.626 ,1.262 ,11.576 ,0.001 ,0.001 ,0.000,0,0,0
392,1.646 ,1.281 ,11.583 ,0.000 ,0.000 ,0.000,0,0,0
393,1.642 ,1.264 ,11.539 ,-0.001 ,-0.000 ,0.001,0,0,0
394,1.671 ,1.271 ,11.539 ,0.000 ,0.000 ,0.001,0,0,0
395,1.639 ,1.280 ,11.570 ,0.001 ,0.000 ,0.000,0,0,0
396,1.647 ,1.257 ,11.596 ,-0.000 ,0.001 ,0.000,0,0,0
397,1.645 ,1.279 ,11.559 ,0.000 ,-0.001 ,0.000,0,0,0
398,1.649 ,1.288 ,11.539 ,-0.001 ,-0.001 ,-0.000,0,0,0
399,1.629 ,1.268 ,11.577 ,0.001 ,0.001 ,-0.000,0,0,0
400,1.640 ,1.275 ,11.515 ,0.001 ,-0.001 ,0.001,0,0,0
401,1.656 ,1.277 ,11.542 ,-0.000 ,0.000 ,-0.000,0,0,0
402,1.632 ,1.275 ,11.581 ,-0.000 ,-0.000 ,0.000,0,0,0
403,1.648 ,1.276 ,11.556 ,-0.001 ,-0.001 ,-0.000,0,0,0
404,1.642 ,1.277 ,11.567 ,0.000 ,0.001 ,-0.001,0,0,0
405,1.647 ,1.283 ,11.570 ,0.000 ,0.001 ,-0.000,0,0,0
406,1.651 ,1.290 ,11.580 ,-0.000 ,0.000 ,-0.000,0,0,0
407,1.624 ,1.291 ,11.533 ,-0.001 ,0.000 ,-0.000,0,0,0
408,1.645 ,1.263 ,11.607 ,0.001 ,-0.000 ,0.001,0,0,0
409,1.635 ,1.295 ,11.566 ,0.000 ,0.000 ,-0.000,0,0,0
410,1.632 ,1.278 ,11.569 ,-0.000 ,0.001 ,-0.001,0,0,0
411,1.627 ,1.277 ,11.522 ,-0.001 ,-0.001 ,-0.000,0,0,0
412,1.637 ,1.285 ,11.568 ,-0.000 ,0.000 ,0.001,0,0,0
413,1.644 ,1.294 ,11.553 ,0.001 ,0.000 ,0.000,0,0,0
414,1.667 ,1.268 ,11.566 ,0.000 ,-0.001 ,0.000,0,0,0
415,1.656 ,1.296 ,11.593 ,0.000 ,0.001 ,-0.000,0,0,0
416,1.647 ,1.277 ,11.535 ,-0.001 ,0.001 ,0.001,0,0,0
417,1.640 ,1.284 ,11.551 ,0.000 ,0.000 ,0.000,0,0,0
418,1.632 ,1.274 ,11.544 ,-0.000 ,0.000 ,0.000,0,0,0
419,1.637 ,1.270 ,11.557 ,-0.000 ,0.001 ,-0.001,0,0,0
420,1.665 ,1.278 ,11.536 ,0.002 ,0.001 ,-0.001,0,0,0
421,1.625 ,1.277 ,11.560 ,-0.000 ,0.000 ,0.000,0,0,0
422,1.638 ,1.270 ,11.508 ,0.001 ,0.001 ,0.001,0,0,0
423,1.624 ,1.274 ,11.568 ,-0.001 ,0.001 ,-0.001,0,0,0
424,1.647 ,1.271 ,11.554 ,0.001 ,0.000 ,-0.001,0,0,0
425,1.622 ,1.284 ,11.523 ,-0.001 ,-0.001 ,-0.001,0,0,0
426,1.629 ,1.259 ,11.535 ,-0.000 ,-0.000 ,-0.001,0,0,0
427,1.644 ,1.286 ,11.535 ,0.000 ,-0.001 ,0.000,0,0,0
428,1.639 ,1.279 ,11.569 ,-0.001 ,-0.001 ,-0.000,0,0,0
429,1.624 ,1.264 ,11.581 ,0.000 ,0.000 ,0.000,0,0,0
430,1.640 ,1.272 ,11.539 ,-0.000 ,0.001 ,-0.000,0,0,0
431,1.638 ,1.270 ,11.564 ,-0.000 ,0.000 ,-0.001,0,0,0
432,1.635 ,1.297 ,11.559 ,-0.001 ,0.000 ,-0.000,0,0,0
433,1.641 ,1.268 ,11.557 ,-0.000 ,0.000 ,-0.000,0,0,0
434,1.641 ,1.282 ,11.543 ,0.001 ,-0.000 ,0.000,0,0,0
435,1.647 ,1.269 ,11.534 ,0.001 ,0.001 ,0.000,0,0,0
436,1.633 ,1.275 ,11.546 ,-0.000 ,0.000 ,-0.000,0,0,0
437,1.640 ,1.259 ,11.568 ,0.001 ,0.000 ,-0.000,0,0,0
438,1.629 ,1.272 ,11.526 ,0.001 ,0.000 ,-0.000,0,0,0
439,1.639 ,1.274 ,11.564 ,0.000 ,0.000 ,-0.001,0,0,0
440,1.641 ,1.283 ,11.557 ,0.000 ,0.001 ,-0.000,0,0,0
441,1.648 ,1.283 ,11.566 ,0.001 ,0.001 ,-0.000,0,0,0
442,1.656 ,1.261 ,11.526 ,0.001 ,0.000 ,0.001,0,0,0
443,1.632 ,1.291 ,11.572 ,0.001 ,-0.001 ,0.000,0,0,0
444,1.660 ,1.281 ,11.548 ,0.000 ,-0.000 ,0.000,0,0,0
445,1.628 ,1.269 ,11.535 ,0.001 ,-0.001 ,-0.000,0,0,0
446,1.640 ,1.288 ,11.575 ,-0.001 ,-0.001 ,-0.001,0,0,0
447,1.637 ,1.265 ,11.578 ,0.002 ,0.001 ,-0.000,0,0,0
448,1.622 ,1.259 ,11.539 ,0.000 ,-0.001 ,0.000,0,0,0
449,1.643 ,1.271 ,11.571 ,0.000 ,0.002 ,-0.000,0,0,0
450,1.653 ,1.264 ,11.577 ,0.000 ,-0.000 ,-0.001,0,0,0
451,1.637 ,1.294 ,11.535 ,0.000 ,-0.001 ,-0.001,0,0,0
452,1.625 ,1.274 ,11.544 ,0.000 ,-0.000 ,0.000,0,0,0
453,1.628 ,1.282 ,11.578 ,0.001 ,0.000 ,0.000,0,0,0
454,1.646 ,1.270 ,11.588 ,0.001 ,0.000 ,0.000,0,0,0
455,1.626 ,1.278 ,11.550 ,-0.001 ,0.001 ,0.000,0,0,0
456,1.666 ,1.256 ,11.566 ,0.001 ,-0.000 ,0.001,0,0,0
457,1.641 ,1.291 ,11.529 ,-0.001 ,0.002 ,0.000,0,0,0
458,1.632 ,1.270 ,11.563 ,-0.001 ,-0.001 ,0.000,0,0,0
459,1.614 ,1.267 ,11.543 ,-0.001 ,0.001 ,-0.000,0,0,0
460,1.620 ,1.273 ,11.568 ,0.000 ,0.000 ,0.000,0,0,0
461,1.638 ,1.273 ,11.588 ,0.000 ,0.001 ,0.001,0,0,0
462,1.641 ,1.273 ,11.552 ,0.000 ,-0.001 ,0.001,0,0,0
463,1.651 ,1.285 ,11.524 ,-0.000 ,0.000 ,-0.001,0,0,0
464,1.658 ,1.253 ,11.519 ,0.001 ,-0.001 ,0.001,0,0,0
465,1.652 ,1.259 ,11.586 ,-0.000 ,0.000 ,-0.001,0,0,0
466,1.646 ,1.258 ,11.501 ,-0.000 ,0.000 ,0.001,0,0,0
467,1.645 ,1.261 ,11.579 ,0.000 ,-0.001 ,-0.000,0,0,0
468,1.667 ,1.273 ,11.575 ,0.001 ,0.001 ,-0.000,0,0,0
469,1.645 ,1.265 ,11.538 ,0.001 ,-0.002 ,0.001,0,0,0
470,1.637 ,1.299 ,11.533 ,-0.001 ,0.002 ,0.000,0,0,0
471,1.659 ,1.280 ,11.557 ,0.001 ,-0.001 ,0.001,0,0,0
472,1.652 ,1.267 ,11.530 ,-0.001 ,-0.001 ,0.001,0,0,0
473,1.648 ,1.291 ,11.553 ,0.001 ,-0.001 ,-0.000,0,0,0
474,1.615 ,1.281 ,11.562 ,0.001 ,-0.000 ,-0.001,0,0,0
475,1.638 ,1.273 ,11.521 ,0.000 ,-0.001 ,-0.000,0,0,0
476,1.619 ,1.301 ,11.560 ,0.001 ,-0.000 ,0.000,0,0,0
477,1.644 ,1.268 ,11.590 ,-0.000 ,-0.001 ,-0.001,0,0,0
478,1.637 ,1.264 ,11.560 ,0.001 ,-0.001 ,-0.000,0,0,0
479,1.643 ,1.277 ,11.551 ,0.000 ,0.001 ,-0.001,0,0,0
480,1.629 ,1.283 ,11.558 ,-0.000 ,0.001 ,-0.000,0,0,0
481,1.643 ,1.276 ,11.581 ,0.001 ,0.001 ,0.001,0,0,0
482,1.641 ,1.274 ,11.547 ,-0.000 ,-0.001 ,-0.000,0,0,0
483,1.663 ,1.303 ,11.556 ,-0.000 ,-0.000 ,-0.000,0,0,0
484,1.634 ,1.294 ,11.533 ,-0.001 ,0.000 ,-0.001,0,0,0
485,1.639 ,1.264 ,11.523 ,0.000 ,0.001 ,0.001,0,0,0
486,1.625 ,1.282 ,11.565 ,-0.000 ,-0.001 ,0.001,0,0,0
487,1.617 ,1.288 ,11.575 ,-0.000 ,0.001 ,0.000,0,0,0
488,1.635 ,1.289 ,11.546 ,0.000 ,0.000 ,-0.000,0,0,0
489,1.655 ,1.268 ,11.541 ,0.000 ,-0.000 ,-0.002,0,0,0
490,1.648 ,1.285 ,11.555 ,0.000 ,-0.000 ,0.000,0,0,0
491,1.635 ,1.291 ,11.562 ,0.001 ,-0.001 ,0.000,0,0,0
492,1.655 ,1.256 ,11.562 ,-0.000 ,0.000 ,-0.001,0,0,0
493,1.649 ,1.269 ,11.586 ,0.001 ,-0.001 ,-0.001,0,0,0
494,1.632 ,1.282 ,11.564 ,0.000 ,0.001 ,-0.000,0,0,0
495,1.638 ,1.272 ,11.581 ,-0.000 ,-0.001 ,0.001,0,0,0
496,1.631 ,1.285 ,11.528 ,0.000 ,-0.001 ,0.001,0,0,0
497,1.640 ,1.286 ,11.566 ,0.000 ,0.001 ,0.001,0,0,0
498,1.652 ,1.279 ,11.562 ,0.001 ,-0.000 ,-0.000,0,0,0
499,1.656 ,1.279 ,11.504 ,-0.000 ,-0.001 ,0.000,0,0,0
500,1.651 ,1.268 ,11.557 ,0.000 ,-0.000 ,0.001,0,0,0
501,1.651 ,1.275 ,11.556 ,0.000 ,-0.000 ,0.000,0,0,0
502,1.660 ,1.274 ,11.534 ,-0.000 ,0.001 ,-0.000,0,0,0
503,1.607 ,1.285 ,11.556 ,0.000 ,0.000 ,-0.000,0,0,0
504,1.648 ,1.288 ,11.554 ,0.000 ,-0.001 ,0.001,0,0,0
505,1.642 ,1.295 ,11.560 ,-0.001 ,0.000 ,0.001,0,0,0
506,1.646 ,1.274 ,11.529 ,0.000 ,-0.002 ,-0.001,0,0,0
507,1.639 ,1.269 ,11.535 ,-0.000 ,0.000 ,-0.000,0,0,0
508,1.647 ,1.281 ,11.597 ,0.000 ,0.000 ,0.000,0,0,0
509,1.635 ,1.267 ,11.554 ,0.001 ,0.000 ,-0.001,0,0,0
510,1.633 ,1.296 ,11.539 ,0.000 ,0.002 ,-0.000,0,0,0
511,1.621 ,1.268 ,11.589 ,-0.000 ,0.001 ,-0.000,0,0,0
512,1.656 ,1.282 ,11.561 ,-0.001 ,0.001 ,0.000,0,0,0
513,1.643 ,1.244 ,11.539 ,-0.000 ,-0.000 ,-0.000,0,0,0
514,1.644 ,1.279 ,11.567 ,-0.001 ,0.000 ,0.001,0,0,0
515,1.647 ,1.289 ,11.545 ,-0.000 ,0.001 ,0.000,0,0,0
516,1.645 ,1.258 ,11.547 ,0.001 ,0.000 ,0.000,0,0,0
517,1.625 ,1.285 ,11.559 ,0.000 ,0.000 ,0.000,0,0,0
518,1.665 ,1.282 ,11.568 ,0.001 ,0.001 ,-0.000,0,0,0
519,1.641 ,1.270 ,11.593 ,-0.000 ,0.000 ,-0.000,0,0,0
520,1.647 ,1.280 ,11.548 ,0.001 ,-0.000 ,-0.000,0,0,0
521,1.640 ,1.277 ,11.545 ,-0.001 ,-0.000 ,0.000,0,0,0
522,1.638 ,1.274 ,11.546 ,-0.000 ,0.000 ,0.000,0,0,0
523,1.629 ,1.288 ,11.538 ,0.000 ,0.000 ,-0.001,0,0,0
524,1.662 ,1.273 ,11.559 ,0.000 ,0.000 ,-0.000,0,0,0
525,1.654 ,1.289 ,11.588 ,0.000 ,-0.001 ,-0.000,0,0,0
526,1.634 ,1.286 ,11.530 ,0.000 ,-0.001 ,0.000,0,0,0
527,1.643 ,1.288 ,11.553 ,-0.001 ,0.002 ,0.000,0,0,0
528,1.641 ,1.247 ,11.504 ,0.000 ,0.000 ,-0.001,0,0,0
529,1.655 ,1.282 ,11.563 ,0.001 ,0.000 ,0.000,0,0,0
530,1.641 ,1.287 ,11.593 ,-0.001 ,0.000 ,0.000,0,0,0
531,1.639 ,1.294 ,11.584 ,0.001 ,-0.000 ,-0.000,0,0,0
532,1.636 ,1.292 ,11.551 ,0.000 ,0.000 ,-0.000,0,0,0
533,1.652 ,1.291 ,11.568 ,-0.000 ,0.000 ,0.000,0,0,0
534,1.626 ,1.257 ,11.577 ,-0.001 ,-0.001 ,0.000,0,0,0
535,1.617 ,1.298 ,11.533 ,0.000 ,0.000 ,-0.000,0,0,0
536,1.643 ,1.279 ,11.555 ,-0.001 ,0.000 ,-0.001,0,0,0
537,1.627 ,1.285 ,11.529 ,0.001 ,0.001 ,-0.000,0,0,0
538,1.643 ,1.273 ,11.551 ,-0.000 ,-0.000 ,0.000,0,0,0
539,1.655 ,1.276 ,11.581 ,-0.000 ,-0.001 ,0.000,0,0,0
540,1.637 ,1.274 ,11.550 ,-0.001 ,-0.000 ,0.000,0,0,0
541,1.625 ,1.246 ,11.585 ,0.000 ,-0.000 ,-0.000,0,0,0
542,1.638 ,1.305 ,11.541 ,-0.000 ,0.001 ,-0.000,0,0,0
543,1.656 ,1.265 ,11.537 ,-0.000 ,-0.001 ,0.000,0,0,0
544,1.629 ,1.273 ,11.546 ,0.001 ,0.001 ,-0.001,0,0,0
545,1.638 ,1.294 ,11.562 ,0.000 ,-0.000 ,0.000,0,0,0
546,1.637 ,1.272 ,11.586 ,0.000 ,0.000 ,-0.001,0,0,0
547,1.645 ,1.280 ,11.541 ,0.001 ,-0.000 ,-0.000,0,0,0
548,1.632 ,1.283 ,11.532 ,0.000 ,0.001 ,-0.001,0,0,0
549,1.646 ,1.289 ,11.556 ,0.000 ,-0.001 ,-0.001,0,0,0
550,1.651 ,1.297 ,11.517 ,0.000 ,-0.001 ,-0.001,0,0,0
551,1.635 ,1.286 ,11.571 ,0.000 ,0.001 ,-0.001,0,0,0
552,1.631 ,1.266 ,11.556 ,-0.000 ,0.000 ,0.001,0,0,0
553,1.633 ,1.275 ,11.547 ,0.001 ,-0.001 ,-0.001,0,0,0
554,1.656 ,1.276 ,11.578 ,0.001 ,-0.000 ,0.000,0,0,0
555,1.659 ,1.292 ,11.554 ,-0.000 ,0.000 ,0.001,0,0,0
556,1.647 ,1.277 ,11.552 ,0.000 ,-0.001 ,-0.001,0,0,0
557,1.648 ,1.276 ,11.562 ,0.001 ,0.000 ,0.000,0,0,0
558,1.651 ,1.280 ,11.565 ,0.002 ,0.001 ,-0.000,0,0,0
559,1.638 ,1.286 ,11.551 ,0.000 ,0.000 ,-0.000,0,0,0
560,1.664 ,1.269 ,11.544 ,-0.001 ,-0.000 ,-0.000,0,0,0
561,1.633 ,1.292 ,11.584 ,-0.001 ,-0.001 ,0.001,0,0,0
562,1.644 ,1.268 ,11.544 ,0.001 ,0.000 ,-0.000,0,0,0
563,1.629 ,1.252 ,11.543 ,0.001 ,0.000 ,0.000,0,0,0
564,1.631 ,1.292 ,11.564 ,0.000 ,0.001 ,0.000,0,0,0
565,1.635 ,1.270 ,11.571 ,0.001 ,0.001 ,-0.000,0,0,0
566,1.629 ,1.275 ,11.563 ,-0.000 ,0.001 ,-0.001,0,0,0
567,1.637 ,1.274 ,11.544 ,0.000 ,0.001 ,-0.000,0,0,0
568,1.654 ,1.286 ,11.586 ,0.000 ,-0.001 ,-0.001,0,0,0
569,1.637 ,1.270 ,11.564 ,-0.000 ,0.001 ,-0.000,0,0,0
570,1.626 ,1.275 ,11.550 ,-0.000 ,-0.001 ,-0.001,0,0,0
571,1.662 ,1.265 ,11.559 ,0.001 ,0.000 ,-0.001,0,0,0
572,1.620 ,1.270 ,11.543 ,0.000 ,-0.001 ,-0.001,0,0,0
573,1.629 ,1.268 ,11.516 ,-0.001 ,0.001 ,-0.000,0,0,0
574,1.641 ,1.273 ,11.554 ,0.000 ,0.000 ,-0.000,0,0,0
575,1.641 ,1.274 ,11.532 ,-0.000 ,0.001 ,-0.000,0,0,0
576,1.645 ,1.274 ,11.580 ,0.000 ,-0.001 ,-0.001,0,0,0
577,1.651 ,1.275 ,11.529 ,-0.002 ,-0.006 ,0.001,0,0,0
578,2.145 ,1.729 ,11.691 ,0.202 ,-0.168 ,0.101,0,0,0
579,0.647 ,1.393 ,11.610 ,0.027 ,-0.044 ,0.012,0,0,0
580,1.898 ,1.221 ,11.405 ,0.020 ,-0.145 ,-0.078,0,0,0
581,1.892 ,1.306 ,11.686 ,0.112 ,-0.160 ,0.212,0,0,0
582,1.388 ,1.245 ,11.527 ,0.058 ,-0.012 ,0.106,0,0,0
583,2.520 ,1.481 ,11.960 ,-0.023 ,0.502 ,0.228,0,0,0
584,1.499 ,1.081 ,13.382 ,0.267 ,0.881 ,-0.017,0,0,0
585,1.000 ,1.897 ,12.799 ,1.832 ,-0.076 ,-0.709,0,0,0
586,0.849 ,2.388 ,13.191 ,2.367 ,-0.585 ,-0.891,0,0,0
587,1.656 ,3.963 ,11.569 ,3.501 ,-0.558 ,-1.341,0,0,0
588,0.958 ,5.663 ,8.652 ,4.372 ,-0.995 ,-1.360,0,0,0
589,0.999 ,7.486 ,5.342 ,3.772 ,-0.546 ,-1.466,0,0,0
590,-0.316 ,8.631 ,5.785 ,0.991 ,0.429 ,-1.462,0,0,0
591,-1.047 ,9.700 ,8.059 ,0.771 ,0.454 ,-0.775,0,0,0
592,-0.223 ,9.823 ,6.665 ,0.606 ,-0.548 ,0.406,0,0,0
593,0.652 ,8.626 ,6.016 ,0.327 ,-0.272 ,0.427,0,0,0
594,0.886 ,9.037 ,7.547 ,0.215 ,-0.309 ,0.234,0,0,0
595,-0.057 ,9.763 ,7.221 ,0.607 ,-0.445 ,0.119,0,0,0
596,0.743 ,10.236 ,4.517 ,1.540 ,-0.739 ,-0.072,0,0,0
597,1.565 ,9.158 ,5.693 ,0.511 ,-0.727 ,0.511,0,0,0
598,1.065 ,10.380 ,4.907 ,0.523 ,-0.521 ,0.231,0,0,0
599,2.073 ,9.493 ,4.238 ,0.771 ,-0.573 ,0.442,0,0,0
600,1.665 ,10.938 ,4.528 ,0.233 ,-0.634 ,0.195,0,0,0
601,2.498 ,9.566 ,4.180 ,0.529 ,-0.695 ,0.420,0,0,0
602,2.476 ,10.950 ,4.841 ,0.816 ,-0.817 ,0.339,0,0,0
603,2.943 ,10.306 ,2.407 ,0.787 ,-0.704 ,0.583,0,0,0
604,2.927 ,10.290 ,3.912 ,0.625 ,-0.698 ,0.520,0,0,0
605,3.230 ,10.249 ,2.150 ,0.435 ,-0.790 ,0.256,0,0,0
606,4.310 ,8.799 ,2.173 ,0.406 ,-0.414 ,0.294,0,0,0
607,3.890 ,10.062 ,0.875 ,0.202 ,-1.115 ,-0.044,0,0,0
608,3.580 ,11.061 ,1.500 ,-0.179 ,-0.210 ,-0.108,0,0,0
609,3.959 ,9.667 ,1.531 ,0.144 ,0.089 ,0.179,0,0,0
610,3.505 ,10.602 ,2.612 ,-0.330 ,0.258 ,-0.063,0,0,0
611,3.729 ,10.134 ,1.746 ,0.337 ,0.003 ,0.070,0,0,0
612,4.017 ,9.236 ,1.435 ,-0.533 ,0.185 ,0.029,0,0,0
613,3.450 ,10.676 ,1.772 ,-0.944 ,0.428 ,-0.330,0,0,0
614,3.663 ,9.531 ,2.357 ,-0.370 ,0.417 ,-0.041,0,0,0
615,3.420 ,9.623 ,3.268 ,-1.054 ,0.919 ,-0.200,0,0,0
616,2.866 ,10.077 ,4.421 ,-1.276 ,0.684 ,-0.268,0,0,0
617,2.922 ,9.802 ,4.881 ,-1.102 ,0.771 ,-0.220,0,0,0
618,3.062 ,9.567 ,4.533 ,-1.231 ,0.529 ,-0.289,0,0,0
619,1.505 ,9.793 ,7.550 ,-2.197 ,1.508 ,-0.500,0,0,0
620,1.552 ,8.835 ,8.230 ,-1.006 ,1.167 ,-0.107,0,0,0
621,1.368 ,8.884 ,6.442 ,-1.277 ,0.636 ,-0.115,0,0,0
622,0.997 ,7.930 ,7.801 ,-1.529 ,1.301 ,-0.134,0,0,0
623,0.323 ,8.104 ,8.445 ,-1.284 ,0.882 ,-0.271,0,0,0
624,0.373 ,7.256 ,8.969 ,-0.909 ,0.889 ,-0.076,0,0,0
625,-0.001 ,6.846 ,8.574 ,-1.285 ,1.108 ,-0.183,0,0,0
626,-1.205 ,5.506 ,10.139 ,-1.060 ,1.119 ,0.044,0,0,0
627,-1.411 ,6.467 ,10.064 ,-0.724 ,1.374 ,-0.379,0,0,0
628,-2.711 ,5.075 ,10.757 ,-0.303 ,1.569 ,0.093,0,0,0
629,-2.157 ,4.574 ,9.704 ,-0.738 ,0.973 ,-0.324,0,0,0
630,-4.002 ,6.555 ,8.929 ,0.053 ,0.891 ,-0.667,0,0,0
631,-3.073 ,5.108 ,11.109 ,-1.862 ,-0.002 ,-0.008,0,0,0
632,-3.126 ,3.347 ,5.613 ,-2.059 ,-0.062 ,0.331,0,0,0
633,-4.570 ,0.184 ,5.945 ,-4.355 ,0.651 ,1.045,0,0,0
634,-1.824 ,1.388 ,10.812 ,0.084 ,-2.213 ,0.266,0,0,0
635,-1.713 ,1.478 ,11.859 ,0.062 ,-1.045 ,0.098,0,0,0
636,0.057 ,1.754 ,11.659 ,0.031 ,-0.370 ,-0.158,0,0,0
637,0.931 ,1.963 ,11.926 ,0.063 ,-1.072 ,-0.244,0,0,0
638,-1.101 ,1.503 ,10.814 ,0.451 ,-0.742 ,-0.538,0,0,0
639,-0.185 ,1.710 ,11.606 ,-0.070 ,0.176 ,-0.159,0,0,0
640,-0.549 ,1.635 ,11.561 ,0.008 ,0.007 ,-0.134,0,0,0
641,-0.241 ,1.723 ,11.492 ,0.083 ,-0.164 ,0.012,0,0,0
642,0.000 ,1.761 ,11.346 ,0.074 ,-0.151 ,0.012,0,0,0
643,-0.309 ,1.668 ,11.659 ,-0.028 ,0.059 ,-0.005,0,0,0
644,-0.161 ,1.725 ,11.535 ,0.011 ,-0.025 ,0.001,0,0,0
645,-0.179 ,1.712 ,11.617 ,-0.015 ,0.028 ,-0.004,0,0,0
646,-0.176 ,1.722 ,11.501 ,0.018 ,-0.036 ,0.002,0,0,0
647,-0.204 ,1.703 ,11.565 ,-0.010 ,0.018 ,-0.001,0,0,0
648,-0.181 ,1.714 ,11.529 ,0.006 ,-0.017 ,-0.000,0,0,0
649,-0.166 ,1.711 ,11.559 ,-0.000 ,0.000 ,-0.001,0,0,0
650,-0.203 ,1.713 ,11.578 ,0.001 ,-0.006 ,0.001,0,0,0
651,-0.150 ,1.719 ,11.467 ,0.005 ,-0.009 ,-0.001,0,0,0
652,-0.161 ,1.713 ,11.533 ,0.000 ,-0.003 ,-0.001,0,0,0
653,-0.174 ,1.714 ,11.580 ,-0.001 ,-0.002 ,-0.001,0,0,0
654,-0.159 ,1.725 ,11.539 ,-0.000 ,0.000 ,-0.002,0,0,0
655,-0.169 ,1.744 ,11.580 ,0.001 ,-0.002 ,-0.001,0,0,0
656,-0.193 ,1.713 ,11.527 ,-0.001 ,0.000 ,-0.000,0,0,0
657,-0.173 ,1.729 ,11.548 ,0.000 ,-0.000 ,-0.000,0,0,0
658,-0.201 ,1.732 ,11.608 ,0.000 ,-0.003 ,0.000,0,0,0
659,-0.164 ,1.714 ,11.563 ,0.001 ,-0.003 ,-0.000,0,0,0
660,-0.177 ,1.717 ,11.573 ,0.000 ,-0.002 ,-0.001,0,0,0
661,-0.184 ,1.726 ,11.596 ,-0.000 ,-0.001 ,-0.002,0,0,0
662,-0.165 ,1.706 ,11.533 ,0.001 ,-0.001 ,-0.002,0,0,0
663,-0.186 ,1.720 ,11.574 ,0.001 ,-0.001 ,-0.002,0,0,0
664,-0.192 ,1.716 ,11.533 ,0.001 ,-0.002 ,-0.002,0,0,0
665,-0.184 ,1.715 ,11.565 ,0.000 ,-0.002 ,-0.000,0,0,0
666,-0.178 ,1.683 ,11.538 ,0.000 ,-0.000 ,-0.001,0,0,0
667,-0.186 ,1.724 ,11.544 ,0.001 ,-0.002 ,-0.001,0,0,0
668,-0.177 ,1.705 ,11.538 ,0.000 ,-0.002 ,-0.002,0,0,0
669,-0.162 ,1.694 ,11.553 ,0.001 ,-0.003 ,-0.001,0,0,0
670,-0.165 ,1.701 ,11.570 ,-0.000 ,0.001 ,-0.001,0,0,0
671,-0.183 ,1.738 ,11.562 ,-0.001 ,0.002 ,-0.001,0,0,0
672,-0.188 ,1.717 ,11.586 ,0.001 ,-0.004 ,-0.001,0,0,0
673,-0.177 ,1.698 ,11.539 ,-0.001 ,-0.001 ,-0.001,0,0,0
674,-0.188 ,1.726 ,11.550 ,0.001 ,-0.001 ,-0.000,0,0,0
675,-0.162 ,1.720 ,11.570 ,0.001 ,-0.002 ,-0.001,0,0,0
676,-0.177 ,1.726 ,11.501 ,-0.000 ,-0.000 ,-0.001,0,0,0
677,-0.190 ,1.729 ,11.549 ,0.001 ,-0.001 ,0.000,0,0,0
678,-0.177 ,1.725 ,11.578 ,0.000 ,-0.001 ,-0.001,0,0,0
679,-0.171 ,1.711 ,11.548 ,-0.001 ,0.000 ,-0.001,0,0,0
680,-0.176 ,1.733 ,11.560 ,0.001 ,-0.002 ,-0.001,0,0,0
681,-0.146 ,1.693 ,11.524 ,-0.000 ,0.001 ,-0.000,0,0,0
682,-0.156 ,1.707 ,11.559 ,0.001 ,-0.001 ,0.000,0,0,0
683,-0.195 ,1.742 ,11.554 ,0.000 ,-0.000 ,0.000,0,0,0
684,-0.148 ,1.709 ,11.547 ,0.000 ,-0.002 ,-0.001,0,0,0
685,-0.145 ,1.724 ,11.565 ,-0.001 ,0.001 ,-0.001,0,0,0
686,-0.193 ,1.719 ,11.541 ,0.001 ,-0.001 ,-0.001,0,0,0
